zeit,markt,bid,ask,mid,spread_bps,bid_eur,ask_eur,tiefe_bid_50bp,tiefe_ask_50bp,tiefe_bid_100bp,tiefe_ask_100bp,slip_kauf_100,slip_kauf_500,slip_kauf_2000,slip_verk_100,slip_verk_500,slip_verk_2000
2026-10-11T06:00:05+00:00,ADA-EUR,0.2203,0.22033,0.220315,1.36,499.81,427.17,281056.72,331257.0,309042.66,417164.29,0.68,0.75,1.56,0.68,0.68,1.88
2026-10-11T06:00:05+00:00,XRP-EUR,1.24297,1.24298,1.242975,0.08,892.82,1445.31,722777.4,797766.45,1237625.21,1163326.72,0.04,0.04,0.2,0.04,0.04,0.13
2026-10-11T06:00:05+00:00,BTC-EUR,74108.0,74109.0,74108.5,0.13,11960.58,11748.49,1878751.79,2061164.16,2179565.74,2265153.92,0.07,0.07,0.07,0.07,0.07,0.07
2026-10-11T06:00:05+00:00,NEAR-EUR,4.6634,4.6659,4.66465,5.36,932.1,12.04,98412.81,93623.59,137016.66,110735.18,2.87,2.89,3.33,2.68,2.68,3.75
2026-10-11T06:00:05+00:00,SOL-EUR,97.569,97.57,97.5695,0.1,966.99,917.29,391273.1,436181.63,564302.4,597347.42,0.05,0.05,0.89,0.05,0.05,0.85
2026-10-11T06:00:05+00:00,SUI-EUR,0.97996,0.98016,0.98006,2.04,1142.72,244.65,183956.28,182648.28,208073.09,243722.52,1.02,1.33,1.71,1.02,1.02,1.5
2026-10-11T06:00:05+00:00,QNT-EUR,210.865,211.005,210.935,6.64,1800.0,12.03,94980.6,71138.62,127559.17,137951.75,3.36,4.27,6.61,3.32,3.32,3.32
2026-10-11T06:00:05+00:00,ETH-EUR,2234.79,2234.84,2234.815,0.22,4464.27,893.03,957574.11,924329.95,1357246.75,1446233.51,0.11,0.11,0.3,0.11,0.11,0.11
2026-10-11T06:00:05+00:00,HYPE-EUR,75.66,75.677,75.6685,2.25,1207.65,1227.05,280614.18,308763.05,350543.61,395232.79,1.12,1.12,1.17,1.12,1.12,1.63
2026-10-11T06:00:05+00:00,WLD-EUR,0.49157,0.4918,0.491685,4.68,24.58,89.17,131836.78,127975.06,200668.11,158661.73,2.49,3.51,3.76,3.87,4.27,4.41
2026-10-11T06:00:05+00:00,RLC-EUR,0.91056,0.91191,0.911235,14.82,100.0,320.44,5940.14,8769.03,17048.22,18222.01,7.41,8.94,17.35,7.41,9.1,21.97
2026-10-11T06:00:05+00:00,STRK-EUR,0.097344,0.097589,0.0974665,25.14,553.89,555.28,13866.44,13123.79,27574.36,15740.59,12.57,12.57,14.27,12.57,12.57,12.95
2026-10-11T06:00:05+00:00,TIA-EUR,0.5414,0.5422,0.5418,14.77,1492.88,100.0,23175.05,21389.05,42589.32,24011.95,7.38,7.53,8.25,7.38,7.38,7.54
2026-10-11T06:00:05+00:00,TAO-EUR,252.19,252.29,252.24,3.96,189.58,12.28,183095.09,168530.79,202944.92,187107.0,2.33,2.82,3.08,1.98,2.3,3.92
2026-10-11T06:00:05+00:00,LUMIA-EUR,0.152456,0.153548,0.153002,71.37,1063.67,1121.6,6393.58,7717.94,21280.79,26204.82,35.69,35.69,35.74,35.69,35.69,35.82
2026-10-11T06:00:05+00:00,MAGIC-EUR,0.099259,0.099755,0.099507,49.85,1339.42,71.07,6215.3,10448.49,14124.59,22403.21,24.95,25.01,25.04,24.92,24.92,29.9
2026-10-11T06:00:05+00:00,USELESS-EUR,0.16406,0.164247,0.1641535,11.39,18.13,18.48,17651.22,22176.4,43451.94,38119.44,5.75,5.75,10.5,5.75,7.03,11.42
2026-10-11T06:00:05+00:00,FET-EUR,0.19767,0.19784,0.197755,8.6,109.07,329.73,105824.59,53566.22,134111.63,74816.87,4.3,4.63,7.54,4.3,5.52,6.64
2026-10-11T06:00:05+00:00,BAT-EUR,0.12877,0.12897,0.12887,15.52,715.99,969.16,9856.1,12510.79,22402.39,18039.91,7.76,7.76,8.16,7.76,7.76,8.8
2026-10-11T06:00:05+00:00,ONDO-EUR,0.43286,0.43316,0.43301,6.93,28.32,433.16,106670.58,46754.91,123895.11,56546.52,3.46,3.7,6.02,3.63,3.85,5.15
2026-10-11T06:00:05+00:00,LINK-EUR,11.5129,11.5152,11.51405,2.0,100.0,999.0,162157.51,160738.18,196786.94,181796.19,1.0,1.0,1.48,1.0,1.07,1.3
2026-10-11T06:00:05+00:00,PUMP-EUR,0.0048397,0.0048451,0.0048424,11.15,53.4,53.46,50272.76,44619.8,70376.85,49645.01,5.67,5.92,6.28,5.67,5.76,6.2
2026-10-11T06:00:05+00:00,CHIP-EUR,0.055916,0.056012,0.055964,17.15,133.67,133.9,4434.2,4990.47,20163.86,9568.91,8.58,12.42,23.26,8.58,14.5,19.17
2026-10-11T06:00:05+00:00,AERO-EUR,0.83735,0.83853,0.83794,14.08,89.18,641.32,11142.73,5200.28,23642.01,8098.15,7.04,7.04,7.92,7.05,7.14,9.91
2026-10-11T06:00:05+00:00,LPT-EUR,1.6046,1.6078,1.6062,19.92,499.98,14.47,5011.06,913.92,19346.83,5008.17,14.12,22.74,40.35,9.96,9.96,13.43
2026-10-11T06:00:05+00:00,WAL-EUR,0.034285,0.034444,0.0343645,46.27,172.97,67.26,2968.99,1912.55,5165.54,3464.39,24.47,27.55,36.8,23.13,23.32,26.08
2026-10-11T06:00:05+00:00,UNI-EUR,6.72,6.7254,6.7227,8.03,12.27,208.52,61573.76,58342.28,90718.13,70969.83,4.02,6.62,8.05,4.15,4.26,4.34
2026-10-11T06:00:05+00:00,KAIA-EUR,0.047541,0.047683,0.047612,29.82,2241.78,10.0,14078.08,12689.12,24332.96,17421.13,15.1,18.58,23.14,14.91,14.91,14.91
2026-10-11T06:00:05+00:00,RAY-EUR,2.05066,2.05361,2.052135,14.38,326.02,699.27,15829.35,12197.98,37582.63,20741.92,7.19,7.19,10.12,7.19,7.56,9.63
2026-10-11T06:00:05+00:00,CAP-EUR,0.0812546,0.081538,0.0813963,34.82,1885.78,12.13,16178.45,13358.65,31254.09,20097.29,17.42,17.42,17.42,17.41,17.41,17.41
2026-10-11T06:00:05+00:00,ZEUS-EUR,0.0056431,0.0056864,0.00566475,76.44,45.58,35.54,451.96,251.84,471.56,1750.77,38.33,45.51,70.19,38.44,44.5,163.75
2026-10-11T06:00:05+00:00,HBAR-EUR,0.081464,0.081505,0.0814845,5.03,13.38,13.48,94250.44,90243.52,143441.73,120526.4,2.62,2.9,4.02,2.62,2.9,3.74
2026-10-11T06:00:05+00:00,INJ-EUR,6.8786,6.8867,6.88265,11.77,1400.56,100.0,31792.21,25026.69,44812.23,31455.97,5.88,6.74,7.86,5.88,5.88,6.5
2026-10-11T06:00:05+00:00,AVAX-EUR,9.1654,9.1681,9.16675,2.95,146.98,24.73,142778.7,126831.65,178436.22,166520.7,1.55,1.58,2.44,1.47,1.55,2.33
2026-10-11T06:00:05+00:00,DOT-EUR,1.0963,1.097,1.09665,6.38,992.54,23.9,82146.15,58503.24,117950.08,79871.28,3.89,4.06,4.47,3.19,3.19,3.65
2026-10-11T06:00:05+00:00,APT-EUR,0.7505,0.7508,0.75065,4.0,2589.13,100.0,18922.32,13896.52,36099.11,20165.54,2.0,3.06,6.35,2.0,2.0,2.0
2026-10-11T06:00:05+00:00,ZK-EUR,0.014086,0.014105,0.0140955,13.48,100.0,1516.94,8078.53,7130.48,15614.8,10072.65,6.74,6.74,6.91,6.74,7.62,8.02
2026-10-11T06:00:05+00:00,ENA-EUR,0.19761,0.19771,0.19766,5.06,100.0,223.32,66538.32,51600.68,81446.46,61149.86,2.53,3.13,5.98,2.53,3.29,4.05
2026-10-11T06:00:05+00:00,ARPA-EUR,0.0110276,0.0110714,0.0110495,39.64,100.0,89.4,7454.46,6744.72,9954.33,14294.09,19.83,19.89,24.51,19.82,19.99,20.07
2026-10-11T06:00:05+00:00,ATOM-EUR,1.7221,1.7253,1.7237,18.56,100.0,608.83,10733.27,13040.99,31753.81,25052.74,9.28,9.28,10.61,9.28,10.15,10.4
2026-10-11T06:00:05+00:00,W-EUR,0.015772,0.015786,0.015779,8.87,332.29,542.7,22812.85,21214.73,30570.6,24500.3,4.44,4.44,7.34,4.44,5.59,8.41
2026-10-11T06:00:05+00:00,DOGE-EUR,0.076114,0.076121,0.0761175,0.92,177.67,267.64,115801.56,128984.55,157058.46,140338.01,0.46,0.91,1.89,0.46,0.54,0.8
2026-10-11T06:00:05+00:00,ALGO-EUR,0.105384,0.105508,0.105446,11.76,24.38,53.59,36125.09,29286.26,61860.01,52703.99,5.97,7.03,9.56,6.18,7.18,8.15
2026-10-11T06:00:05+00:00,XLM-EUR,0.17413,0.17421,0.17417,4.59,823.37,1819.21,115883.36,110041.34,152177.02,149545.98,2.3,2.3,2.4,2.3,2.3,2.69
2026-10-11T06:00:05+00:00,JUP-EUR,0.31671,0.31711,0.31691,12.62,49.01,985.31,35491.1,39779.65,58383.38,50261.38,6.31,6.31,7.04,6.95,7.67,7.83
