zeit,markt,betrag_usdc,rundlauf_bps,impact_hin_bps,impact_rueck_bps,usdc_zurueck,quelle,hinweis
2026-10-07T06:41:45+00:00,SOL/USDC,100.0,-0.72,0.0,0.0,100.0072,lite-v1,
2026-10-07T06:41:45+00:00,SOL/USDC,500.0,-0.6,0.0,0.08,500.0298,lite-v1,
2026-10-07T06:41:45+00:00,SOL/USDC,2000.0,-0.35,0.0,0.0,2000.0695,lite-v1,
2026-10-07T06:41:45+00:00,JUP/USDC,100.0,6.48,6.44,0.04,99.9352,lite-v1,
2026-10-07T06:41:45+00:00,JUP/USDC,500.0,7.64,6.44,0.4,499.6178,lite-v1,
2026-10-07T06:41:45+00:00,JUP/USDC,2000.0,3.11,1.19,1.92,1999.3775,lite-v1,
2026-10-07T06:41:45+00:00,BONK/USDC,100.0,3.69,8.68,0.0,99.9631,lite-v1,
2026-10-07T06:41:45+00:00,BONK/USDC,500.0,8.82,12.06,0.0,499.559,lite-v1,
2026-10-07T06:41:45+00:00,BONK/USDC,2000.0,11.18,12.96,0.0,1997.7636,lite-v1,
2026-10-07T06:41:45+00:00,JTO/USDC,100.0,34.47,14.55,19.94,99.6553,lite-v1,
2026-10-07T06:41:45+00:00,JTO/USDC,500.0,37.09,17.18,19.94,498.1453,lite-v1,
2026-10-07T06:41:45+00:00,JTO/USDC,2000.0,66.96,43.92,23.15,1986.6077,lite-v1,
2026-10-07T06:41:45+00:00,WIF/USDC,100.0,12.47,13.54,0.0,99.8753,lite-v1,
2026-10-07T06:41:45+00:00,WIF/USDC,500.0,33.53,15.06,18.5,498.3234,lite-v1,
2026-10-07T06:41:45+00:00,WIF/USDC,2000.0,54.16,17.99,36.23,1989.1678,lite-v1,
2026-10-07T06:47:02+00:00,SOL/USDC,100.0,-0.66,0.0,0.08,100.0066,lite-v1,
2026-10-07T06:47:02+00:00,SOL/USDC,500.0,-0.12,0.0,0.06,500.0061,lite-v1,
2026-10-07T06:47:02+00:00,SOL/USDC,2000.0,-0.14,0.0,0.08,2000.0273,lite-v1,
2026-10-07T06:47:02+00:00,JUP/USDC,100.0,1.09,0.47,0.62,99.9891,lite-v1,
2026-10-07T06:47:02+00:00,JUP/USDC,500.0,2.36,1.66,0.7,499.882,lite-v1,
2026-10-07T06:47:02+00:00,JUP/USDC,2000.0,3.59,2.67,0.89,1999.282,lite-v1,
2026-10-07T06:47:02+00:00,BONK/USDC,100.0,4.8,0.0,11.26,99.952,lite-v1,
2026-10-07T06:47:02+00:00,BONK/USDC,500.0,8.44,0.0,13.02,499.5779,lite-v1,
2026-10-07T06:47:02+00:00,BONK/USDC,2000.0,13.55,0.0,17.14,1997.289,lite-v1,
2026-10-07T06:47:02+00:00,JTO/USDC,100.0,28.15,23.76,4.4,99.7185,lite-v1,
2026-10-07T06:47:02+00:00,JTO/USDC,500.0,30.76,23.76,7.02,498.4618,lite-v1,
2026-10-07T06:47:02+00:00,JTO/USDC,2000.0,60.15,44.27,15.94,1987.9706,lite-v1,
2026-10-07T06:47:02+00:00,WIF/USDC,100.0,15.97,1.0,14.97,99.8403,lite-v1,
2026-10-07T06:47:02+00:00,WIF/USDC,500.0,36.59,20.41,16.21,498.1706,lite-v1,
2026-10-07T06:47:02+00:00,WIF/USDC,2000.0,55.62,35.56,20.14,1988.8754,lite-v1,
2026-10-07T06:52:19+00:00,SOL/USDC,100.0,-0.38,0.0,0.2,100.0038,lite-v1,
2026-10-07T06:52:19+00:00,SOL/USDC,500.0,-0.35,0.0,0.2,500.0177,lite-v1,
2026-10-07T06:52:19+00:00,SOL/USDC,2000.0,-0.29,0.0,0.11,2000.0578,lite-v1,
2026-10-07T06:52:19+00:00,JUP/USDC,100.0,2.57,0.0,5.89,99.9743,lite-v1,
2026-10-07T06:52:19+00:00,JUP/USDC,500.0,3.08,0.0,6.13,499.846,lite-v1,
2026-10-07T06:52:19+00:00,JUP/USDC,2000.0,1.95,0.0,6.78,1999.6097,lite-v1,
2026-10-07T06:52:19+00:00,BONK/USDC,100.0,4.61,0.97,3.64,99.9539,lite-v1,
2026-10-07T06:52:19+00:00,BONK/USDC,500.0,8.52,2.68,5.84,499.5741,lite-v1,
2026-10-07T06:52:19+00:00,BONK/USDC,2000.0,13.94,3.57,10.37,1997.212,lite-v1,
2026-10-07T06:52:19+00:00,JTO/USDC,100.0,17.59,0.4,17.19,99.8241,lite-v1,
2026-10-07T06:52:19+00:00,JTO/USDC,500.0,20.31,0.4,19.9,498.9846,lite-v1,
2026-10-07T06:52:19+00:00,JTO/USDC,2000.0,47.56,18.8,28.82,1990.4873,lite-v1,
2026-10-07T06:52:19+00:00,WIF/USDC,100.0,12.26,7.83,4.44,99.8774,lite-v1,
2026-10-07T06:52:19+00:00,WIF/USDC,500.0,39.37,17.65,21.75,498.0316,lite-v1,
2026-10-07T06:52:19+00:00,WIF/USDC,2000.0,51.12,23.6,21.75,1989.7765,lite-v1,
2026-10-07T06:57:36+00:00,SOL/USDC,100.0,-0.94,0.44,0.0,100.0094,lite-v1,
2026-10-07T06:57:36+00:00,SOL/USDC,500.0,0.01,0.55,0.0,499.9997,lite-v1,
2026-10-07T06:57:36+00:00,SOL/USDC,2000.0,0.37,0.57,0.24,1999.9255,lite-v1,
2026-10-07T06:57:36+00:00,JUP/USDC,100.0,2.66,0.0,3.02,99.9734,lite-v1,
2026-10-07T06:57:36+00:00,JUP/USDC,500.0,3.17,0.0,3.26,499.8415,lite-v1,
2026-10-07T06:57:36+00:00,JUP/USDC,2000.0,5.01,0.61,4.39,1998.999,lite-v1,
2026-10-07T06:57:36+00:00,BONK/USDC,100.0,4.53,0.0,9.06,99.9547,lite-v1,
2026-10-07T06:57:36+00:00,BONK/USDC,500.0,8.16,0.0,10.96,499.5919,lite-v1,
2026-10-07T06:57:36+00:00,BONK/USDC,2000.0,10.94,0.0,11.61,1997.8122,lite-v1,
2026-10-07T06:57:36+00:00,JTO/USDC,100.0,17.22,20.56,0.0,99.8278,lite-v1,
2026-10-07T06:57:36+00:00,JTO/USDC,500.0,19.89,20.56,0.0,499.0055,lite-v1,
2026-10-07T06:57:36+00:00,JTO/USDC,2000.0,46.43,37.56,8.9,1990.715,lite-v1,
2026-10-07T06:57:36+00:00,WIF/USDC,100.0,12.2,4.55,7.65,99.878,lite-v1,
2026-10-07T06:57:36+00:00,WIF/USDC,500.0,31.35,21.67,9.7,498.4325,lite-v1,
2026-10-07T06:57:36+00:00,WIF/USDC,2000.0,51.28,33.86,17.48,1989.743,lite-v1,
2026-10-07T07:02:55+00:00,SOL/USDC,100.0,-0.07,0.27,0.0,100.0007,lite-v1,
2026-10-07T07:02:55+00:00,SOL/USDC,500.0,0.14,0.35,0.0,499.9928,lite-v1,
2026-10-07T07:02:55+00:00,SOL/USDC,2000.0,-0.0,0.3,0.0,2000.0001,lite-v1,
2026-10-07T07:02:55+00:00,JUP/USDC,100.0,2.55,2.85,0.0,99.9745,lite-v1,
2026-10-07T07:02:55+00:00,JUP/USDC,500.0,3.06,3.12,0.0,499.847,lite-v1,
2026-10-07T07:02:55+00:00,JUP/USDC,2000.0,4.32,3.82,0.5,1999.1367,lite-v1,
2026-10-07T07:02:55+00:00,BONK/USDC,100.0,3.45,6.04,0.0,99.9655,lite-v1,
2026-10-07T07:02:55+00:00,BONK/USDC,500.0,8.35,9.2,0.0,499.5827,lite-v1,
2026-10-07T07:02:55+00:00,BONK/USDC,2000.0,12.94,12.83,0.11,1997.4123,lite-v1,
2026-10-07T07:02:55+00:00,JTO/USDC,100.0,22.34,15.25,7.1,99.7766,lite-v1,
2026-10-07T07:02:55+00:00,JTO/USDC,500.0,24.99,15.25,9.76,498.7504,lite-v1,
2026-10-07T07:02:55+00:00,JTO/USDC,2000.0,52.61,35.8,16.87,1989.4781,lite-v1,
2026-10-07T07:02:55+00:00,WIF/USDC,100.0,12.91,39.3,0.0,99.8709,lite-v1,
2026-10-07T07:02:55+00:00,WIF/USDC,500.0,34.45,23.27,11.21,498.2773,lite-v1,
2026-10-07T07:02:55+00:00,WIF/USDC,2000.0,50.37,33.13,28.29,1989.9269,lite-v1,
2026-10-07T07:08:20+00:00,SOL/USDC,100.0,-0.22,0.0,0.0,100.0022,lite-v1,
2026-10-07T07:08:20+00:00,SOL/USDC,500.0,0.2,0.81,0.0,499.9901,lite-v1,
2026-10-07T07:08:20+00:00,SOL/USDC,2000.0,0.38,0.84,0.32,1999.9242,lite-v1,
2026-10-07T07:08:20+00:00,JUP/USDC,100.0,2.1,0.0,5.16,99.979,lite-v1,
2026-10-07T07:08:20+00:00,JUP/USDC,500.0,2.86,0.0,5.73,499.8572,lite-v1,
2026-10-07T07:08:20+00:00,JUP/USDC,2000.0,3.59,0.0,6.23,1999.2825,lite-v1,
2026-10-07T07:08:20+00:00,BONK/USDC,100.0,5.05,0.0,8.78,99.9495,lite-v1,
2026-10-07T07:08:20+00:00,BONK/USDC,500.0,8.53,0.0,10.55,499.5736,lite-v1,
2026-10-07T07:08:20+00:00,BONK/USDC,2000.0,9.4,0.0,10.84,1998.1198,lite-v1,
2026-10-07T07:08:20+00:00,JTO/USDC,100.0,32.91,25.83,7.11,99.6709,lite-v1,
2026-10-07T07:08:20+00:00,JTO/USDC,500.0,35.56,25.83,9.76,498.2218,lite-v1,
2026-10-07T07:08:20+00:00,JTO/USDC,2000.0,58.07,43.22,14.92,1988.3854,lite-v1,
2026-10-07T07:08:20+00:00,WIF/USDC,100.0,12.82,1.72,11.11,99.8718,lite-v1,
2026-10-07T07:08:20+00:00,WIF/USDC,500.0,31.08,11.36,19.74,498.4459,lite-v1,
2026-10-07T07:08:20+00:00,WIF/USDC,2000.0,50.15,28.26,21.96,1989.9692,lite-v1,
2026-10-07T07:13:39+00:00,SOL/USDC,100.0,0.05,0.0,0.29,99.9995,lite-v1,
2026-10-07T07:13:39+00:00,SOL/USDC,500.0,0.2,0.0,0.29,499.99,lite-v1,
2026-10-07T07:13:39+00:00,SOL/USDC,2000.0,0.16,0.0,0.0,1999.9685,lite-v1,
2026-10-07T07:13:39+00:00,JUP/USDC,100.0,-0.38,3.24,0.0,100.0038,lite-v1,
2026-10-07T07:13:39+00:00,JUP/USDC,500.0,3.26,6.25,0.0,499.8369,lite-v1,
2026-10-07T07:13:39+00:00,JUP/USDC,2000.0,3.67,6.12,0.0,1999.2652,lite-v1,
2026-10-07T07:13:39+00:00,BONK/USDC,100.0,3.72,24.3,0.0,99.9628,lite-v1,
2026-10-07T07:13:39+00:00,BONK/USDC,500.0,8.29,26.01,0.0,499.5856,lite-v1,
2026-10-07T07:13:39+00:00,BONK/USDC,2000.0,12.24,28.31,0.0,1997.5517,lite-v1,
2026-10-07T07:13:39+00:00,JTO/USDC,100.0,45.34,1.33,44.01,99.5466,lite-v1,
2026-10-07T07:13:39+00:00,JTO/USDC,500.0,47.98,3.99,44.01,497.6009,lite-v1,
2026-10-07T07:13:39+00:00,JTO/USDC,2000.0,68.34,16.83,51.6,1986.3316,lite-v1,
2026-10-07T07:13:39+00:00,WIF/USDC,100.0,12.48,19.28,0.0,99.8752,lite-v1,
2026-10-07T07:13:39+00:00,WIF/USDC,500.0,31.98,28.15,30.42,498.4012,lite-v1,
2026-10-07T07:13:39+00:00,WIF/USDC,2000.0,52.0,10.33,41.71,1989.6003,lite-v1,
2026-10-07T07:18:55+00:00,SOL/USDC,100.0,-2.6,0.0,0.0,100.026,lite-v1,
2026-10-07T07:18:55+00:00,SOL/USDC,500.0,-2.08,0.0,0.0,500.1042,lite-v1,
2026-10-07T07:18:55+00:00,SOL/USDC,2000.0,0.33,0.23,0.0,1999.9335,lite-v1,
2026-10-07T07:18:55+00:00,JUP/USDC,100.0,-1.64,0.0,0.0,100.0164,lite-v1,
2026-10-07T07:18:55+00:00,JUP/USDC,500.0,-0.2,0.28,0.0,500.01,lite-v1,
2026-10-07T07:18:55+00:00,JUP/USDC,2000.0,2.33,2.42,0.0,1999.5334,lite-v1,
2026-10-07T07:18:55+00:00,BONK/USDC,100.0,2.78,8.23,0.0,99.9722,lite-v1,
2026-10-07T07:18:55+00:00,BONK/USDC,500.0,6.28,9.29,0.0,499.6859,lite-v1,
2026-10-07T07:18:55+00:00,BONK/USDC,2000.0,12.71,12.63,0.08,1997.4589,lite-v1,
2026-10-07T07:18:55+00:00,JTO/USDC,100.0,31.12,0.14,30.98,99.6888,lite-v1,
2026-10-07T07:18:55+00:00,JTO/USDC,500.0,37.63,6.67,30.98,498.1187,lite-v1,
2026-10-07T07:18:55+00:00,JTO/USDC,2000.0,62.37,12.63,49.81,1987.5254,lite-v1,
2026-10-07T07:18:55+00:00,WIF/USDC,100.0,12.06,1.35,10.71,99.8794,lite-v1,
2026-10-07T07:18:55+00:00,WIF/USDC,500.0,29.84,16.81,13.04,498.5081,lite-v1,
2026-10-07T07:18:55+00:00,WIF/USDC,2000.0,52.21,19.18,39.54,1989.5574,lite-v1,
2026-10-07T07:24:12+00:00,SOL/USDC,100.0,-1.1,0.0,0.0,100.011,lite-v1,
2026-10-07T07:24:12+00:00,SOL/USDC,500.0,-0.96,0.0,0.0,500.0478,lite-v1,
2026-10-07T07:24:12+00:00,SOL/USDC,2000.0,-0.95,0.0,0.0,2000.1903,lite-v1,
2026-10-07T07:24:12+00:00,JUP/USDC,100.0,2.32,0.0,4.91,99.9768,lite-v1,
2026-10-07T07:24:12+00:00,JUP/USDC,500.0,2.83,0.0,5.15,499.8585,lite-v1,
2026-10-07T07:24:12+00:00,JUP/USDC,2000.0,4.03,0.0,5.69,1999.193,lite-v1,
2026-10-07T07:24:12+00:00,BONK/USDC,100.0,2.68,0.0,11.87,99.9732,lite-v1,
2026-10-07T07:24:12+00:00,BONK/USDC,500.0,7.71,0.0,15.14,499.6144,lite-v1,
2026-10-07T07:24:12+00:00,BONK/USDC,2000.0,11.85,0.0,18.1,1997.6294,lite-v1,
2026-10-07T07:24:12+00:00,JTO/USDC,100.0,25.58,0.0,50.25,99.7442,lite-v1,
2026-10-07T07:24:12+00:00,JTO/USDC,500.0,41.0,0.0,65.63,497.9498,lite-v1,
2026-10-07T07:24:12+00:00,JTO/USDC,2000.0,63.34,0.0,69.23,1987.3326,lite-v1,
2026-10-07T07:24:12+00:00,WIF/USDC,100.0,10.98,0.0,16.27,99.8902,lite-v1,
2026-10-07T07:24:12+00:00,WIF/USDC,500.0,32.76,7.92,24.87,498.3619,lite-v1,
2026-10-07T07:24:12+00:00,WIF/USDC,2000.0,50.87,10.02,41.83,1989.8263,lite-v1,
2026-10-07T07:29:30+00:00,SOL/USDC,100.0,0.06,0.0,0.55,99.9994,lite-v1,
2026-10-07T07:29:30+00:00,SOL/USDC,500.0,0.13,0.21,0.0,499.9933,lite-v1,
2026-10-07T07:29:30+00:00,SOL/USDC,2000.0,0.2,0.15,0.05,1999.9593,lite-v1,
2026-10-07T07:29:30+00:00,JUP/USDC,100.0,-0.16,5.85,0.0,100.0016,lite-v1,
2026-10-07T07:29:30+00:00,JUP/USDC,500.0,0.19,5.92,0.0,499.9906,lite-v1,
2026-10-07T07:29:30+00:00,JUP/USDC,2000.0,-0.4,6.53,0.0,2000.0797,lite-v1,
2026-10-07T07:29:30+00:00,BONK/USDC,100.0,1.28,9.04,0.0,99.9872,lite-v1,
2026-10-07T07:29:30+00:00,BONK/USDC,500.0,7.53,13.24,0.0,499.6237,lite-v1,
2026-10-07T07:29:30+00:00,BONK/USDC,2000.0,11.52,14.01,0.0,1997.6966,lite-v1,
2026-10-07T07:29:30+00:00,JTO/USDC,100.0,35.18,0.0,36.22,99.6482,lite-v1,
2026-10-07T07:29:30+00:00,JTO/USDC,500.0,39.7,0.0,40.74,498.015,lite-v1,
2026-10-07T07:29:30+00:00,JTO/USDC,2000.0,65.39,11.65,53.81,1986.9216,lite-v1,
2026-10-07T07:29:30+00:00,WIF/USDC,100.0,12.9,0.0,13.22,99.871,lite-v1,
2026-10-07T07:29:30+00:00,WIF/USDC,500.0,42.08,19.13,22.98,497.8962,lite-v1,
2026-10-07T07:29:30+00:00,WIF/USDC,2000.0,54.68,25.84,28.91,1989.0635,lite-v1,
2026-10-07T07:34:53+00:00,SOL/USDC,100.0,-0.24,0.0,0.0,100.0024,lite-v1,
2026-10-07T07:34:53+00:00,SOL/USDC,500.0,-0.2,0.0,2.79,500.0098,lite-v1,
2026-10-07T07:34:53+00:00,SOL/USDC,2000.0,-1.9,0.0,0.0,2000.3794,lite-v1,
2026-10-07T07:34:53+00:00,JUP/USDC,100.0,1.34,3.32,0.0,99.9866,lite-v1,
2026-10-07T07:34:53+00:00,JUP/USDC,500.0,1.89,3.8,0.0,499.9054,lite-v1,
2026-10-07T07:34:53+00:00,JUP/USDC,2000.0,2.89,4.53,0.0,1999.4226,lite-v1,
2026-10-07T07:34:53+00:00,BONK/USDC,100.0,2.84,0.0,14.88,99.9716,lite-v1,
2026-10-07T07:34:53+00:00,BONK/USDC,500.0,6.74,0.0,16.63,499.6628,lite-v1,
2026-10-07T07:34:53+00:00,BONK/USDC,2000.0,15.54,0.0,22.07,1996.8929,lite-v1,
2026-10-07T07:34:53+00:00,JTO/USDC,100.0,41.29,0.0,55.3,99.5871,lite-v1,
2026-10-07T07:34:53+00:00,JTO/USDC,500.0,42.65,0.0,56.74,497.8673,lite-v1,
2026-10-07T07:34:53+00:00,JTO/USDC,2000.0,65.58,1.78,63.81,1986.8846,lite-v1,
2026-10-07T07:34:53+00:00,WIF/USDC,100.0,15.65,14.27,1.38,99.8435,lite-v1,
2026-10-07T07:34:53+00:00,WIF/USDC,500.0,39.7,18.85,20.89,498.0149,lite-v1,
2026-10-07T07:34:53+00:00,WIF/USDC,2000.0,54.82,21.63,33.26,1989.036,lite-v1,
2026-10-07T07:40:14+00:00,SOL/USDC,100.0,-1.18,0.0,0.0,100.0118,lite-v1,
2026-10-07T07:40:14+00:00,SOL/USDC,500.0,-2.11,0.0,0.0,500.1057,lite-v1,
2026-10-07T07:40:14+00:00,SOL/USDC,2000.0,-2.54,0.0,0.0,2000.5079,lite-v1,
2026-10-07T07:40:14+00:00,JUP/USDC,100.0,1.23,0.38,0.84,99.9877,lite-v1,
2026-10-07T07:40:14+00:00,JUP/USDC,500.0,1.57,0.65,0.92,499.9215,lite-v1,
2026-10-07T07:40:14+00:00,JUP/USDC,2000.0,4.25,1.38,2.88,1999.1491,lite-v1,
2026-10-07T07:40:14+00:00,BONK/USDC,100.0,4.17,0.16,4.01,99.9583,lite-v1,
2026-10-07T07:40:14+00:00,BONK/USDC,500.0,7.69,1.88,5.81,499.6155,lite-v1,
2026-10-07T07:40:14+00:00,BONK/USDC,2000.0,12.83,3.27,9.56,1997.4347,lite-v1,
2026-10-07T07:40:14+00:00,JTO/USDC,100.0,43.38,33.45,9.97,99.5662,lite-v1,
2026-10-07T07:40:14+00:00,JTO/USDC,500.0,43.73,33.8,9.97,497.8134,lite-v1,
2026-10-07T07:40:14+00:00,JTO/USDC,2000.0,66.52,39.42,27.21,1986.6957,lite-v1,
2026-10-07T07:40:14+00:00,WIF/USDC,100.0,13.76,1.01,12.75,99.8624,lite-v1,
2026-10-07T07:40:14+00:00,WIF/USDC,500.0,41.72,19.11,22.66,497.9139,lite-v1,
2026-10-07T07:40:14+00:00,WIF/USDC,2000.0,54.21,29.31,24.97,1989.1582,lite-v1,
2026-10-07T07:45:37+00:00,SOL/USDC,100.0,0.03,0.0,0.0,99.9997,lite-v1,
2026-10-07T07:45:37+00:00,SOL/USDC,500.0,-0.64,0.0,0.06,500.0318,lite-v1,
2026-10-07T07:45:37+00:00,SOL/USDC,2000.0,-0.08,0.0,0.0,2000.0155,lite-v1,
2026-10-07T07:45:37+00:00,JUP/USDC,100.0,1.74,7.06,0.0,99.9826,lite-v1,
2026-10-07T07:45:37+00:00,JUP/USDC,500.0,2.08,7.33,0.0,499.8961,lite-v1,
2026-10-07T07:45:37+00:00,JUP/USDC,2000.0,3.16,8.0,0.0,1999.3684,lite-v1,
2026-10-07T07:45:37+00:00,BONK/USDC,100.0,2.54,4.61,0.0,99.9746,lite-v1,
2026-10-07T07:45:37+00:00,BONK/USDC,500.0,9.17,9.5,0.0,499.5413,lite-v1,
2026-10-07T07:45:37+00:00,BONK/USDC,2000.0,10.27,10.17,0.1,1997.9459,lite-v1,
2026-10-07T07:45:37+00:00,JTO/USDC,100.0,24.05,0.0,24.05,99.7595,lite-v1,
2026-10-07T07:45:37+00:00,JTO/USDC,500.0,30.47,6.43,24.05,498.4767,lite-v1,
2026-10-07T07:45:37+00:00,JTO/USDC,2000.0,55.7,13.98,41.78,1988.8601,lite-v1,
2026-10-07T07:45:37+00:00,WIF/USDC,100.0,16.36,2.48,13.88,99.8364,lite-v1,
2026-10-07T07:45:37+00:00,WIF/USDC,500.0,33.91,3.7,30.22,498.3044,lite-v1,
2026-10-07T07:45:37+00:00,WIF/USDC,2000.0,54.57,7.57,47.03,1989.0865,lite-v1,
2026-10-07T07:51:01+00:00,SOL/USDC,100.0,0.34,0.13,0.21,99.9966,lite-v1,
2026-10-07T07:51:01+00:00,SOL/USDC,500.0,0.33,0.11,0.22,499.9834,lite-v1,
2026-10-07T07:51:01+00:00,SOL/USDC,2000.0,0.55,0.29,0.0,1999.8902,lite-v1,
2026-10-07T07:51:01+00:00,JUP/USDC,100.0,1.31,0.0,3.13,99.9869,lite-v1,
2026-10-07T07:51:01+00:00,JUP/USDC,500.0,0.33,0.0,1.88,499.9833,lite-v1,
2026-10-07T07:51:01+00:00,JUP/USDC,2000.0,1.33,0.0,2.15,1999.7346,lite-v1,
2026-10-07T07:51:01+00:00,BONK/USDC,100.0,5.94,3.68,2.26,99.9406,lite-v1,
2026-10-07T07:51:01+00:00,BONK/USDC,500.0,8.06,5.39,2.67,499.5971,lite-v1,
2026-10-07T07:51:01+00:00,BONK/USDC,2000.0,11.4,6.6,4.81,1997.7196,lite-v1,
2026-10-07T07:51:01+00:00,JTO/USDC,100.0,38.58,0.36,38.23,99.6142,lite-v1,
2026-10-07T07:51:01+00:00,JTO/USDC,500.0,40.96,0.36,40.6,497.9521,lite-v1,
2026-10-07T07:51:01+00:00,JTO/USDC,2000.0,68.06,14.05,54.08,1986.3886,lite-v1,
2026-10-07T07:51:01+00:00,WIF/USDC,100.0,17.25,9.38,7.88,99.8275,lite-v1,
2026-10-07T07:51:01+00:00,WIF/USDC,500.0,35.91,10.82,25.12,498.2043,lite-v1,
2026-10-07T07:51:01+00:00,WIF/USDC,2000.0,55.36,14.89,40.54,1988.9271,lite-v1,
2026-10-07T07:56:18+00:00,SOL/USDC,100.0,0.37,0.0,0.68,99.9963,lite-v1,
2026-10-07T07:56:18+00:00,SOL/USDC,500.0,0.23,0.0,0.25,499.9885,lite-v1,
2026-10-07T07:56:18+00:00,SOL/USDC,2000.0,0.69,0.43,0.58,1999.8618,lite-v1,
2026-10-07T07:56:18+00:00,JUP/USDC,100.0,2.12,0.01,2.11,99.9788,lite-v1,
2026-10-07T07:56:18+00:00,JUP/USDC,500.0,1.66,0.07,1.59,499.9172,lite-v1,
2026-10-07T07:56:18+00:00,JUP/USDC,2000.0,2.44,0.58,1.86,1999.512,lite-v1,
2026-10-07T07:56:18+00:00,BONK/USDC,100.0,4.46,0.0,8.9,99.9554,lite-v1,
2026-10-07T07:56:18+00:00,BONK/USDC,500.0,8.23,0.0,10.93,499.5886,lite-v1,
2026-10-07T07:56:18+00:00,BONK/USDC,2000.0,11.32,0.0,12.41,1997.736,lite-v1,
2026-10-07T07:56:18+00:00,JTO/USDC,100.0,39.13,0.07,39.06,99.6087,lite-v1,
2026-10-07T07:56:18+00:00,JTO/USDC,500.0,40.62,0.07,40.55,497.9691,lite-v1,
2026-10-07T07:56:18+00:00,JTO/USDC,2000.0,66.57,16.12,50.53,1986.6862,lite-v1,
2026-10-07T07:56:18+00:00,WIF/USDC,100.0,12.34,0.0,16.84,99.8766,lite-v1,
2026-10-07T07:56:18+00:00,WIF/USDC,500.0,22.14,0.0,26.08,498.8932,lite-v1,
2026-10-07T07:56:18+00:00,WIF/USDC,2000.0,48.44,0.02,48.42,1990.3116,lite-v1,
2026-10-07T08:01:42+00:00,SOL/USDC,100.0,-0.05,0.0,0.15,100.0005,lite-v1,
2026-10-07T08:01:42+00:00,SOL/USDC,500.0,-0.03,0.0,0.17,500.0016,lite-v1,
2026-10-07T08:01:42+00:00,SOL/USDC,2000.0,0.09,0.0,0.22,1999.9826,lite-v1,
2026-10-07T08:01:42+00:00,JUP/USDC,100.0,2.09,0.0,4.07,99.9791,lite-v1,
2026-10-07T08:01:42+00:00,JUP/USDC,500.0,2.39,0.0,4.09,499.8807,lite-v1,
2026-10-07T08:01:42+00:00,JUP/USDC,2000.0,4.11,0.0,4.83,1999.177,lite-v1,
2026-10-07T08:01:42+00:00,BONK/USDC,100.0,6.85,0.0,18.27,99.9315,lite-v1,
2026-10-07T08:01:42+00:00,BONK/USDC,500.0,8.85,0.0,20.78,499.5576,lite-v1,
2026-10-07T08:01:42+00:00,BONK/USDC,2000.0,14.71,0.0,22.01,1997.0586,lite-v1,
2026-10-07T08:01:42+00:00,JTO/USDC,100.0,27.42,17.11,10.33,99.7258,lite-v1,
2026-10-07T08:01:42+00:00,JTO/USDC,500.0,30.1,17.11,13.02,498.495,lite-v1,
2026-10-07T08:01:42+00:00,JTO/USDC,2000.0,55.68,35.59,20.17,1988.8634,lite-v1,
2026-10-07T08:01:42+00:00,WIF/USDC,100.0,12.61,0.0,17.83,99.8739,lite-v1,
2026-10-07T08:01:42+00:00,WIF/USDC,500.0,31.1,4.07,27.04,498.4451,lite-v1,
2026-10-07T08:01:42+00:00,WIF/USDC,2000.0,49.75,7.37,42.41,1990.0497,lite-v1,
2026-10-07T08:07:01+00:00,SOL/USDC,100.0,-0.28,0.0,0.21,100.0028,lite-v1,
2026-10-07T08:07:01+00:00,SOL/USDC,500.0,0.34,0.92,0.0,499.9828,lite-v1,
2026-10-07T08:07:01+00:00,SOL/USDC,2000.0,0.16,0.71,0.0,1999.9684,lite-v1,
2026-10-07T08:07:01+00:00,JUP/USDC,100.0,0.66,0.3,0.35,99.9934,lite-v1,
2026-10-07T08:07:01+00:00,JUP/USDC,500.0,1.46,0.57,0.88,499.9272,lite-v1,
2026-10-07T08:07:01+00:00,JUP/USDC,2000.0,7.94,2.17,4.41,1998.4127,lite-v1,
2026-10-07T08:07:01+00:00,BONK/USDC,100.0,2.11,1.41,0.7,99.9789,lite-v1,
2026-10-07T08:07:01+00:00,BONK/USDC,500.0,8.84,3.29,5.56,499.5578,lite-v1,
2026-10-07T08:07:01+00:00,BONK/USDC,2000.0,11.45,4.83,6.62,1997.711,lite-v1,
2026-10-07T08:07:01+00:00,JTO/USDC,100.0,20.86,15.52,5.34,99.7914,lite-v1,
2026-10-07T08:07:01+00:00,JTO/USDC,500.0,23.53,15.52,8.02,498.8237,lite-v1,
2026-10-07T08:07:01+00:00,JTO/USDC,2000.0,49.22,34.52,14.75,1990.1557,lite-v1,
2026-10-07T08:07:01+00:00,WIF/USDC,100.0,12.46,0.0,15.76,99.8754,lite-v1,
2026-10-07T08:07:01+00:00,WIF/USDC,500.0,22.94,5.9,17.04,498.8531,lite-v1,
2026-10-07T08:07:01+00:00,WIF/USDC,2000.0,48.25,27.58,20.73,1990.3498,lite-v1,
2026-10-07T08:15:32+00:00,SOL/USDC,100.0,-0.51,0.0,0.0,100.0051,lite-v1,
2026-10-07T08:15:32+00:00,SOL/USDC,500.0,-0.28,0.0,0.0,500.0139,lite-v1,
2026-10-07T08:15:32+00:00,SOL/USDC,2000.0,-0.11,0.0,0.3,2000.0211,lite-v1,
2026-10-07T08:15:32+00:00,JUP/USDC,100.0,0.52,0.0,2.73,99.9948,lite-v1,
2026-10-07T08:15:32+00:00,JUP/USDC,500.0,1.17,0.0,3.11,499.9415,lite-v1,
2026-10-07T08:15:32+00:00,JUP/USDC,2000.0,1.63,0.0,2.86,1999.6734,lite-v1,
2026-10-07T08:15:32+00:00,BONK/USDC,100.0,3.95,6.57,0.0,99.9605,lite-v1,
2026-10-07T08:15:32+00:00,BONK/USDC,500.0,8.57,9.0,0.0,499.5716,lite-v1,
2026-10-07T08:15:32+00:00,BONK/USDC,2000.0,13.84,13.27,0.57,1997.2323,lite-v1,
2026-10-07T08:15:32+00:00,JTO/USDC,100.0,20.66,19.6,1.06,99.7934,lite-v1,
2026-10-07T08:15:32+00:00,JTO/USDC,500.0,23.39,19.65,3.75,498.8304,lite-v1,
2026-10-07T08:15:32+00:00,JTO/USDC,2000.0,51.03,38.76,12.31,1989.7945,lite-v1,
2026-10-07T08:15:32+00:00,WIF/USDC,100.0,11.14,3.12,8.02,99.8886,lite-v1,
2026-10-07T08:15:32+00:00,WIF/USDC,500.0,21.74,12.41,9.35,498.9128,lite-v1,
2026-10-07T08:15:32+00:00,WIF/USDC,2000.0,47.43,34.17,13.31,1990.5135,lite-v1,
2026-10-07T08:20:32+00:00,SOL/USDC,100.0,-0.07,0.18,0.0,100.0007,lite-v1,
2026-10-07T08:20:32+00:00,SOL/USDC,500.0,0.05,0.19,0.0,499.9975,lite-v1,
2026-10-07T08:20:32+00:00,SOL/USDC,2000.0,0.14,0.22,0.0,1999.9724,lite-v1,
2026-10-07T08:20:32+00:00,JUP/USDC,100.0,3.21,0.47,2.75,99.9679,lite-v1,
2026-10-07T08:20:32+00:00,JUP/USDC,500.0,3.7,0.74,2.96,499.8151,lite-v1,
2026-10-07T08:20:32+00:00,JUP/USDC,2000.0,4.93,1.45,3.48,1999.0144,lite-v1,
2026-10-07T08:20:32+00:00,BONK/USDC,100.0,4.26,0.0,12.19,99.9574,lite-v1,
2026-10-07T08:20:32+00:00,BONK/USDC,500.0,7.79,0.0,13.97,499.6104,lite-v1,
2026-10-07T08:20:32+00:00,BONK/USDC,2000.0,10.39,0.0,15.01,1997.9228,lite-v1,
2026-10-07T08:20:32+00:00,JTO/USDC,100.0,22.13,20.17,1.96,99.7787,lite-v1,
2026-10-07T08:20:32+00:00,JTO/USDC,500.0,26.23,21.5,4.74,498.6884,lite-v1,
2026-10-07T08:20:32+00:00,JTO/USDC,2000.0,54.18,42.38,32.01,1989.163,lite-v1,
2026-10-07T08:20:32+00:00,WIF/USDC,100.0,11.98,8.93,3.06,99.8802,lite-v1,
2026-10-07T08:20:32+00:00,WIF/USDC,500.0,30.94,18.23,12.73,498.453,lite-v1,
2026-10-07T08:20:32+00:00,WIF/USDC,2000.0,50.2,34.67,15.58,1989.96,lite-v1,
2026-10-07T08:25:33+00:00,SOL/USDC,100.0,-0.35,0.0,0.3,100.0035,lite-v1,
2026-10-07T08:25:33+00:00,SOL/USDC,500.0,-0.27,0.0,0.3,500.0133,lite-v1,
2026-10-07T08:25:33+00:00,SOL/USDC,2000.0,0.17,0.0,0.6,1999.9653,lite-v1,
2026-10-07T08:25:33+00:00,JUP/USDC,100.0,2.7,0.0,26.69,99.973,lite-v1,
2026-10-07T08:25:33+00:00,JUP/USDC,500.0,3.21,0.0,26.93,499.8395,lite-v1,
2026-10-07T08:25:33+00:00,JUP/USDC,2000.0,4.49,0.0,27.49,1999.1015,lite-v1,
2026-10-07T08:25:33+00:00,BONK/USDC,100.0,4.32,0.0,14.25,99.9568,lite-v1,
2026-10-07T08:25:33+00:00,BONK/USDC,500.0,7.81,0.0,16.01,499.6097,lite-v1,
2026-10-07T08:25:33+00:00,BONK/USDC,2000.0,10.11,0.0,16.89,1997.9785,lite-v1,
2026-10-07T08:25:33+00:00,JTO/USDC,100.0,29.16,20.7,8.47,99.7084,lite-v1,
2026-10-07T08:25:33+00:00,JTO/USDC,500.0,31.6,20.7,10.92,498.4202,lite-v1,
2026-10-07T08:25:33+00:00,JTO/USDC,2000.0,67.23,47.91,19.41,1986.5532,lite-v1,
2026-10-07T08:25:33+00:00,WIF/USDC,100.0,12.42,0.0,16.13,99.8758,lite-v1,
2026-10-07T08:25:33+00:00,WIF/USDC,500.0,31.15,5.62,25.54,498.4426,lite-v1,
2026-10-07T08:25:33+00:00,WIF/USDC,2000.0,56.3,12.77,43.59,1988.7396,lite-v1,
2026-10-07T08:30:32+00:00,SOL/USDC,100.0,0.11,0.19,0.0,99.9989,lite-v1,
2026-10-07T08:30:32+00:00,SOL/USDC,500.0,0.15,0.15,0.0,499.9925,lite-v1,
2026-10-07T08:30:32+00:00,SOL/USDC,2000.0,0.72,0.11,0.62,1999.8553,lite-v1,
2026-10-07T08:30:32+00:00,JUP/USDC,100.0,2.79,3.55,0.0,99.9721,lite-v1,
2026-10-07T08:30:32+00:00,JUP/USDC,500.0,3.28,3.82,0.0,499.8362,lite-v1,
2026-10-07T08:30:32+00:00,JUP/USDC,2000.0,4.63,4.55,0.08,1999.0745,lite-v1,
2026-10-07T08:30:32+00:00,BONK/USDC,100.0,4.17,0.0,6.58,99.9583,lite-v1,
2026-10-07T08:30:32+00:00,BONK/USDC,500.0,7.69,0.0,8.35,499.6153,lite-v1,
2026-10-07T08:30:32+00:00,BONK/USDC,2000.0,10.09,0.4,9.68,1997.9825,lite-v1,
2026-10-07T08:30:32+00:00,JTO/USDC,100.0,24.82,0.0,27.57,99.7518,lite-v1,
2026-10-07T08:30:32+00:00,JTO/USDC,500.0,27.51,0.0,30.25,498.6246,lite-v1,
2026-10-07T08:30:32+00:00,JTO/USDC,2000.0,52.68,15.27,37.47,1989.4634,lite-v1,
2026-10-07T08:30:32+00:00,WIF/USDC,100.0,12.22,0.0,20.09,99.8778,lite-v1,
2026-10-07T08:30:32+00:00,WIF/USDC,500.0,30.65,1.3,29.35,498.4677,lite-v1,
2026-10-07T08:30:32+00:00,WIF/USDC,2000.0,50.23,17.77,32.52,1989.9537,lite-v1,
2026-10-07T08:35:33+00:00,SOL/USDC,100.0,0.23,0.0,0.44,99.9977,lite-v1,
2026-10-07T08:35:33+00:00,SOL/USDC,500.0,0.35,0.0,0.62,499.9825,lite-v1,
2026-10-07T08:35:33+00:00,SOL/USDC,2000.0,0.26,0.0,0.46,1999.9473,lite-v1,
2026-10-07T08:35:33+00:00,JUP/USDC,100.0,0.85,1.85,0.0,99.9915,lite-v1,
2026-10-07T08:35:33+00:00,JUP/USDC,500.0,2.4,3.16,0.0,499.88,lite-v1,
2026-10-07T08:35:33+00:00,JUP/USDC,2000.0,3.73,3.85,0.0,1999.254,lite-v1,
2026-10-07T08:35:33+00:00,BONK/USDC,100.0,4.3,18.08,0.0,99.957,lite-v1,
2026-10-07T08:35:33+00:00,BONK/USDC,500.0,7.79,19.81,0.0,499.6107,lite-v1,
2026-10-07T08:35:33+00:00,BONK/USDC,2000.0,10.07,21.44,0.0,1997.9855,lite-v1,
2026-10-07T08:35:33+00:00,JTO/USDC,100.0,41.14,20.23,20.96,99.5886,lite-v1,
2026-10-07T08:35:33+00:00,JTO/USDC,500.0,42.27,20.23,22.08,497.8867,lite-v1,
2026-10-07T08:35:33+00:00,JTO/USDC,2000.0,63.87,36.58,27.39,1987.2253,lite-v1,
2026-10-07T08:35:33+00:00,WIF/USDC,100.0,12.62,12.5,0.13,99.8738,lite-v1,
2026-10-07T08:35:33+00:00,WIF/USDC,500.0,31.11,21.77,9.37,498.4445,lite-v1,
2026-10-07T08:35:33+00:00,WIF/USDC,2000.0,51.13,37.59,13.59,1989.7735,lite-v1,
2026-10-07T08:40:32+00:00,SOL/USDC,100.0,-0.17,0.0,1.32,100.0017,lite-v1,
2026-10-07T08:40:32+00:00,SOL/USDC,500.0,0.31,0.0,1.25,499.9845,lite-v1,
2026-10-07T08:40:32+00:00,SOL/USDC,2000.0,0.05,0.0,2.95,1999.991,lite-v1,
2026-10-07T08:40:32+00:00,JUP/USDC,100.0,0.84,6.03,0.0,99.9916,lite-v1,
2026-10-07T08:40:32+00:00,JUP/USDC,500.0,1.6,6.54,0.0,499.9199,lite-v1,
2026-10-07T08:40:32+00:00,JUP/USDC,2000.0,2.64,6.94,0.0,1999.4728,lite-v1,
2026-10-07T08:40:32+00:00,BONK/USDC,100.0,3.46,3.58,0.0,99.9654,lite-v1,
2026-10-07T08:40:32+00:00,BONK/USDC,500.0,7.34,5.29,2.05,499.6329,lite-v1,
2026-10-07T08:40:32+00:00,BONK/USDC,2000.0,9.91,7.1,2.81,1998.0187,lite-v1,
2026-10-07T08:40:32+00:00,JTO/USDC,100.0,37.61,0.0,61.41,99.6239,lite-v1,
2026-10-07T08:40:32+00:00,JTO/USDC,500.0,39.92,0.0,64.24,498.0039,lite-v1,
2026-10-07T08:40:32+00:00,JTO/USDC,2000.0,64.54,0.0,69.97,1987.0915,lite-v1,
2026-10-07T08:40:32+00:00,WIF/USDC,100.0,12.14,3.73,8.41,99.8786,lite-v1,
2026-10-07T08:40:32+00:00,WIF/USDC,500.0,31.36,13.35,18.03,498.4322,lite-v1,
2026-10-07T08:40:32+00:00,WIF/USDC,2000.0,50.41,30.45,20.02,1989.9185,lite-v1,
2026-10-07T08:45:32+00:00,SOL/USDC,100.0,-1.0,0.0,0.0,100.01,lite-v1,
2026-10-07T08:45:32+00:00,SOL/USDC,500.0,-0.97,0.0,0.0,500.0486,lite-v1,
2026-10-07T08:45:32+00:00,SOL/USDC,2000.0,-0.83,0.0,0.0,2000.1654,lite-v1,
2026-10-07T08:45:32+00:00,JUP/USDC,100.0,1.1,0.0,5.07,99.989,lite-v1,
2026-10-07T08:45:32+00:00,JUP/USDC,500.0,3.03,0.0,6.73,499.8485,lite-v1,
2026-10-07T08:45:32+00:00,JUP/USDC,2000.0,4.09,0.0,7.06,1999.1819,lite-v1,
2026-10-07T08:45:32+00:00,BONK/USDC,100.0,2.23,0.0,3.19,99.9777,lite-v1,
2026-10-07T08:45:32+00:00,BONK/USDC,500.0,7.47,0.96,6.51,499.6265,lite-v1,
2026-10-07T08:45:32+00:00,BONK/USDC,2000.0,10.24,2.33,7.91,1997.9523,lite-v1,
2026-10-07T08:45:32+00:00,JTO/USDC,100.0,20.45,0.48,19.97,99.7955,lite-v1,
2026-10-07T08:45:32+00:00,JTO/USDC,500.0,22.34,0.48,21.86,498.8828,lite-v1,
2026-10-07T08:45:32+00:00,JTO/USDC,2000.0,49.22,19.32,29.95,1990.1561,lite-v1,
2026-10-07T08:45:32+00:00,WIF/USDC,100.0,11.47,0.0,11.73,99.8853,lite-v1,
2026-10-07T08:45:32+00:00,WIF/USDC,500.0,29.11,9.04,20.09,498.5446,lite-v1,
2026-10-07T08:45:32+00:00,WIF/USDC,2000.0,48.81,25.31,23.56,1990.2372,lite-v1,
2026-10-07T08:50:32+00:00,SOL/USDC,100.0,0.1,0.0,0.78,99.999,lite-v1,
2026-10-07T08:50:32+00:00,SOL/USDC,500.0,-0.11,0.0,0.55,500.0053,lite-v1,
2026-10-07T08:50:32+00:00,SOL/USDC,2000.0,0.11,0.0,0.75,1999.9771,lite-v1,
2026-10-07T08:50:32+00:00,JUP/USDC,100.0,0.34,0.0,1.1,99.9966,lite-v1,
2026-10-07T08:50:32+00:00,JUP/USDC,500.0,0.85,0.0,1.34,499.9574,lite-v1,
2026-10-07T08:50:32+00:00,JUP/USDC,2000.0,1.81,0.27,1.54,1999.6375,lite-v1,
2026-10-07T08:50:32+00:00,BONK/USDC,100.0,4.1,0.13,3.97,99.959,lite-v1,
2026-10-07T08:50:32+00:00,BONK/USDC,500.0,7.91,2.19,5.72,499.6043,lite-v1,
2026-10-07T08:50:32+00:00,BONK/USDC,2000.0,13.83,3.45,10.39,1997.2331,lite-v1,
2026-10-07T08:50:32+00:00,JTO/USDC,100.0,23.25,9.15,14.11,99.7675,lite-v1,
2026-10-07T08:50:32+00:00,JTO/USDC,500.0,26.12,9.15,16.99,498.6941,lite-v1,
2026-10-07T08:50:32+00:00,JTO/USDC,2000.0,55.11,30.53,24.65,1988.9786,lite-v1,
2026-10-07T08:50:32+00:00,WIF/USDC,100.0,10.09,0.0,52.44,99.8991,lite-v1,
2026-10-07T08:50:32+00:00,WIF/USDC,500.0,20.68,0.0,53.59,498.9662,lite-v1,
2026-10-07T08:50:32+00:00,WIF/USDC,2000.0,47.59,0.0,57.64,1990.4824,lite-v1,
2026-10-07T08:55:33+00:00,SOL/USDC,100.0,-0.34,0.0,1.55,100.0034,lite-v1,
2026-10-07T08:55:33+00:00,SOL/USDC,500.0,-0.29,0.0,1.58,500.0144,lite-v1,
2026-10-07T08:55:33+00:00,SOL/USDC,2000.0,-1.81,0.0,0.0,2000.3627,lite-v1,
2026-10-07T08:55:33+00:00,JUP/USDC,100.0,-1.37,0.0,2.07,100.0137,lite-v1,
2026-10-07T08:55:33+00:00,JUP/USDC,500.0,1.03,0.0,3.26,499.9483,lite-v1,
2026-10-07T08:55:33+00:00,JUP/USDC,2000.0,2.29,0.0,4.16,1999.5416,lite-v1,
2026-10-07T08:55:33+00:00,BONK/USDC,100.0,6.32,0.0,10.53,99.9368,lite-v1,
2026-10-07T08:55:33+00:00,BONK/USDC,500.0,10.0,0.0,12.29,499.4999,lite-v1,
2026-10-07T08:55:33+00:00,BONK/USDC,2000.0,14.74,1.72,13.03,1997.0514,lite-v1,
2026-10-07T08:55:33+00:00,JTO/USDC,100.0,22.21,27.63,0.0,99.7779,lite-v1,
2026-10-07T08:55:33+00:00,JTO/USDC,500.0,25.01,27.63,0.0,498.7493,lite-v1,
2026-10-07T08:55:33+00:00,JTO/USDC,2000.0,52.22,48.24,3.99,1989.5567,lite-v1,
2026-10-07T08:55:33+00:00,WIF/USDC,100.0,13.62,8.47,5.15,99.8638,lite-v1,
2026-10-07T08:55:33+00:00,WIF/USDC,500.0,34.32,27.82,6.51,498.2842,lite-v1,
2026-10-07T08:55:33+00:00,WIF/USDC,2000.0,54.58,43.73,10.89,1989.0846,lite-v1,
2026-10-07T09:00:32+00:00,SOL/USDC,100.0,-0.32,0.0,0.0,100.0032,lite-v1,
2026-10-07T09:00:32+00:00,SOL/USDC,500.0,-0.35,0.0,0.0,500.0176,lite-v1,
2026-10-07T09:00:32+00:00,SOL/USDC,2000.0,0.31,0.0,0.15,1999.9379,lite-v1,
2026-10-07T09:00:32+00:00,JUP/USDC,100.0,3.75,4.41,0.0,99.9625,lite-v1,
2026-10-07T09:00:32+00:00,JUP/USDC,500.0,-0.29,0.37,0.0,500.0146,lite-v1,
2026-10-07T09:00:32+00:00,JUP/USDC,2000.0,3.75,1.31,2.45,1999.2493,lite-v1,
2026-10-07T09:00:32+00:00,BONK/USDC,100.0,6.28,7.02,0.0,99.9372,lite-v1,
2026-10-07T09:00:32+00:00,BONK/USDC,500.0,9.76,8.74,1.02,499.512,lite-v1,
2026-10-07T09:00:32+00:00,BONK/USDC,2000.0,,,,,,quote-v6: <urlopen error [Errno -5] No address associated with hostname>
2026-10-07T09:00:32+00:00,JTO/USDC,100.0,34.61,4.51,30.11,99.6539,lite-v1,
2026-10-07T09:00:32+00:00,JTO/USDC,500.0,38.7,4.51,34.2,498.0649,lite-v1,
2026-10-07T09:00:32+00:00,JTO/USDC,2000.0,63.69,23.84,39.94,1987.2629,lite-v1,
2026-10-07T09:00:32+00:00,WIF/USDC,100.0,17.16,0.0,32.51,99.8284,lite-v1,
2026-10-07T09:00:32+00:00,WIF/USDC,500.0,53.01,3.23,49.79,497.3495,lite-v1,
2026-10-07T09:00:32+00:00,WIF/USDC,2000.0,56.62,5.02,51.63,1988.6753,lite-v1,
