zeit,markt,seite,notional_eur,preis,gebuehr_eur,grund,realisiert_eur
2026-10-01T15:00:50.739645+00:00,BTC-EUR,BUY,495.0,74607.0,0.99,REBALANCE,0.0
2026-10-01T15:00:50.739645+00:00,XRP-EUR,BUY,283.0,1.316335,0.566,REBALANCE,0.0
2026-10-01T15:00:50.739645+00:00,HYPE-EUR,BUY,277.0,78.8175,0.554,REBALANCE,0.0
2026-10-01T15:00:50.739645+00:00,SOL-EUR,BUY,330.0,104.2285,0.66,REBALANCE,0.0
2026-10-01T15:00:50.739645+00:00,ETH-EUR,BUY,410.0,2387.99,0.82,REBALANCE,0.0
2026-10-01T15:00:50.739645+00:00,ADA-EUR,BUY,271.0,0.21754,0.542,REBALANCE,0.0
2026-10-01T15:00:50.739645+00:00,AVAX-EUR,BUY,208.0,9.7142,0.416,REBALANCE,0.0
2026-10-01T15:00:50.739645+00:00,LINK-EUR,BUY,258.0,12.70875,0.516,REBALANCE,0.0
2026-10-01T15:00:50.739645+00:00,XLM-EUR,BUY,260.0,0.194015,0.52,REBALANCE,0.0
2026-10-01T15:00:50.739645+00:00,AAVE-EUR,BUY,221.0,147.565,0.442,REBALANCE,0.0
2026-10-01T15:00:50.739645+00:00,RENDER-EUR,BUY,265.0,1.6846999999999999,0.53,REBALANCE,0.0
2026-10-01T15:00:50.739645+00:00,LTC-EUR,BUY,292.0,59.598,0.584,REBALANCE,0.0
2026-10-01T15:00:50.739645+00:00,PLUME-EUR,BUY,207.0,0.0165926,0.414,REBALANCE,0.0
2026-10-01T15:00:50.739645+00:00,DOGE-EUR,BUY,278.0,0.0835185,0.556,REBALANCE,0.0
